login,password
rowlandsaunders@tropoli.com,exercitation
daledalton@tropoli.com,duis
velezguthrie@tropoli.com,Lorem
celinacrosby@tropoli.com,magna
ruizoneal@tropoli.com,occaecat
mariweiss@tropoli.com,anim
woodardoneill@tropoli.com,fugiat
staceytownsend@tropoli.com,sint
maribelwhite@tropoli.com,sint
soliswest@tropoli.com,anim
cervantesadams@tropoli.com,fugiat
deborawalker@tropoli.com,velit
bentleysharpe@tropoli.com,incididunt
claudettesampson@tropoli.com,quis
kristinearnold@tropoli.com,ullamco
hildaboyle@tropoli.com,consectetur
janieking@tropoli.com,irure
deliamorton@tropoli.com,est
margaritamunoz@tropoli.com,minim
adkinsstokes@tropoli.com,qui
meredithwhitaker@tropoli.com,quis
lowemeyers@tropoli.com,ut
kerrihendricks@tropoli.com,minim
erinpollard@tropoli.com,voluptate
kinneymoon@tropoli.com,est
hurleyjames@tropoli.com,laboris
dorothyrodriguez@tropoli.com,pariatur
katrinaacevedo@tropoli.com,pariatur
blankenshipchapman@tropoli.com,ullamco
wootenrich@tropoli.com,consequat
jeannettefrancis@tropoli.com,magna
helenrussell@tropoli.com,ullamco
randallfinch@tropoli.com,commodo
pacelopez@tropoli.com,ipsum
wileyholden@tropoli.com,minim
jamescampos@tropoli.com,deserunt
kaufmanjoyner@tropoli.com,esse
davidsongordon@tropoli.com,irure
angeliquethomas@tropoli.com,proident
douglasrobertson@tropoli.com,eiusmod
lorriemccarthy@tropoli.com,eiusmod
mcfarlandwhitehead@tropoli.com,qui
mcgowanfox@tropoli.com,sunt
anthonygamble@tropoli.com,occaecat
thompsoncole@tropoli.com,ipsum
annelambert@tropoli.com,in
maggieross@tropoli.com,commodo
harveymcmillan@tropoli.com,deserunt
vangreynolds@tropoli.com,duis
esmeraldakelley@tropoli.com,aute
grosscarney@tropoli.com,consequat
joycedowns@tropoli.com,laborum
brigitteayers@tropoli.com,cupidatat
rosenielsen@tropoli.com,dolore
charitymcpherson@tropoli.com,ex
rodriquezherring@tropoli.com,deserunt
dixietrujillo@tropoli.com,nostrud
morenorandall@tropoli.com,consectetur
brittneyholland@tropoli.com,exercitation
rheawalton@tropoli.com,consectetur
joannaknapp@tropoli.com,et
nortonwaller@tropoli.com,reprehenderit
isabelward@tropoli.com,esse
riggsrusso@tropoli.com,proident
hardintrevino@tropoli.com,deserunt
potterwooten@tropoli.com,dolor
wongchristensen@tropoli.com,cupidatat
walkermcclure@tropoli.com,consequat
zelmatillman@tropoli.com,eu
vegamoore@tropoli.com,dolor
heatherpickett@tropoli.com,excepteur
beulahzamora@tropoli.com,anim
christianwilliams@tropoli.com,deserunt
maradelaney@tropoli.com,enim
hornegray@tropoli.com,pariatur
penasmall@tropoli.com,incididunt
carlenelandry@tropoli.com,amet
tranowens@tropoli.com,sit
fayhawkins@tropoli.com,et
leesteele@tropoli.com,esse
robbieosborn@tropoli.com,aute
hazelmosley@tropoli.com,ut
meltonpayne@tropoli.com,dolore
nettiedeleon@tropoli.com,proident
reidnunez@tropoli.com,officia
whitephelps@tropoli.com,eu
quinnbrowning@tropoli.com,amet
moralesgibbs@tropoli.com,cillum
karacontreras@tropoli.com,voluptate
mirandahahn@tropoli.com,ipsum
christieaustin@tropoli.com,enim
palmeralvarado@tropoli.com,consectetur
barlowfigueroa@tropoli.com,et
buckleyyang@tropoli.com,incididunt
catherinehinton@tropoli.com,labore
salaswebb@tropoli.com,consequat
hopeparsons@tropoli.com,officia
bushhood@tropoli.com,veniam
gabrielleware@tropoli.com,commodo
crosbybaxter@tropoli.com,labore
gretaleblanc@tropoli.com,aliqua
darcycaldwell@tropoli.com,anim
clarissaparks@tropoli.com,dolor
evangelinemack@tropoli.com,exercitation
adamspark@tropoli.com,occaecat
yorkvaughn@tropoli.com,amet
parkfitzgerald@tropoli.com,occaecat
myersbarrera@tropoli.com,velit
austinsnider@tropoli.com,esse
rosemarygarrett@tropoli.com,nulla
sextonbest@tropoli.com,exercitation
paulalindsey@tropoli.com,laborum
caincruz@tropoli.com,enim
barryvang@tropoli.com,aute
clairefrye@tropoli.com,quis
pearlietate@tropoli.com,adipisicing
pamburt@tropoli.com,consequat
hatfieldchen@tropoli.com,et
bryanmolina@tropoli.com,elit
hodgehunt@tropoli.com,tempor
monroetravis@tropoli.com,nostrud
velasquezcharles@tropoli.com,sint
magdalenarosario@tropoli.com,laboris
alinebright@tropoli.com,mollit
juanitakeller@tropoli.com,reprehenderit
calliejackson@tropoli.com,non
woodwardmcgowan@tropoli.com,exercitation
sybilwiley@tropoli.com,irure
mcknightcastro@tropoli.com,irure
christensenwynn@tropoli.com,commodo
shepardtodd@tropoli.com,voluptate
burtcardenas@tropoli.com,eiusmod
guerranavarro@tropoli.com,exercitation
bishopguerrero@tropoli.com,nulla
tinahernandez@tropoli.com,est
amelianichols@tropoli.com,magna
salazaryates@tropoli.com,ut
mcconnellruiz@tropoli.com,esse
nielsensellers@tropoli.com,ex
yvettedotson@tropoli.com,et
dominguezvalentine@tropoli.com,dolore
mariewyatt@tropoli.com,eiusmod
leilabarr@tropoli.com,et
mccormickoliver@tropoli.com,anim
marisolstanley@tropoli.com,pariatur
harriettfoley@tropoli.com,nisi
gailmalone@tropoli.com,tempor
wiseerickson@tropoli.com,et
fitzgeraldgarrison@tropoli.com,dolore
nelliele@tropoli.com,mollit
alfredaknowles@tropoli.com,fugiat
holmescamacho@tropoli.com,eu
florenceavila@tropoli.com,magna
ernarogers@tropoli.com,est
milagrosraymond@tropoli.com,enim
corinahorn@tropoli.com,culpa
payneellison@tropoli.com,ex
wolfewhitfield@tropoli.com,minim
olgavelasquez@tropoli.com,est
middletonweber@tropoli.com,ex
bucknerrosa@tropoli.com,velit
rosaleslamb@tropoli.com,duis
vaughanrollins@tropoli.com,proident
oneillnewton@tropoli.com,anim
serranoshepherd@tropoli.com,sunt
imeldabentley@tropoli.com,exercitation
kelleywalsh@tropoli.com,non
marionholman@tropoli.com,cillum
melissalindsay@tropoli.com,reprehenderit
estherriddle@tropoli.com,do
shepherdwitt@tropoli.com,pariatur
hewittrosales@tropoli.com,qui
karenstrong@tropoli.com,et
helenamurphy@tropoli.com,sint
rosariologan@tropoli.com,eiusmod
idagonzalez@tropoli.com,reprehenderit
grayreeves@tropoli.com,velit
ballardmcguire@tropoli.com,ea
aishahumphrey@tropoli.com,ullamco
hoffmanabbott@tropoli.com,ipsum
annamorin@tropoli.com,excepteur
herrerapruitt@tropoli.com,ipsum
cannonbooth@tropoli.com,minim
claudinemcdaniel@tropoli.com,enim
chandlerfischer@tropoli.com,ex
gabrielacabrera@tropoli.com,est
doloreslevine@tropoli.com,do
williebenton@tropoli.com,esse
jenningsowen@tropoli.com,commodo
beardyork@tropoli.com,culpa
janastafford@tropoli.com,eiusmod
cooleybarker@tropoli.com,reprehenderit
marissaherrera@tropoli.com,eiusmod
williamsoncooper@tropoli.com,incididunt
greenewolfe@tropoli.com,incididunt
mcdonaldwalter@tropoli.com,incididunt
stokesburns@tropoli.com,consectetur
madgeburgess@tropoli.com,ex
blanchardroach@tropoli.com,veniam
luisacantrell@tropoli.com,consectetur
clariceprice@tropoli.com,Lorem
schroedergoodwin@tropoli.com,adipisicing
edwardsfranco@tropoli.com,eu
janicewilder@tropoli.com,elit
camposbarton@tropoli.com,irure
eddiekemp@tropoli.com,aliqua
kimholt@tropoli.com,cupidatat
lucasfuller@tropoli.com,ullamco
ewingvelez@tropoli.com,cupidatat
dyersweeney@tropoli.com,fugiat
cherigibson@tropoli.com,aliquip
garciadominguez@tropoli.com,minim
ortizsharp@tropoli.com,occaecat
meghanlane@tropoli.com,ut
huntrivas@tropoli.com,esse
maxinemendoza@tropoli.com,exercitation
powerswood@tropoli.com,nostrud
rileyrichards@tropoli.com,dolor
robertaestrada@tropoli.com,ad
currynewman@tropoli.com,voluptate
cameronburks@tropoli.com,cupidatat
rosahenry@tropoli.com,pariatur
jodieaguirre@tropoli.com,mollit
jillianfinley@tropoli.com,adipisicing
willashort@tropoli.com,ad
kentcortez@tropoli.com,consequat
perezmaldonado@tropoli.com,veniam
marshalbert@tropoli.com,aliqua
christaengland@tropoli.com,irure
petersonhester@tropoli.com,minim
crosswall@tropoli.com,anim
lavonnegriffith@tropoli.com,incididunt
richardswilkinson@tropoli.com,veniam
nancycooley@tropoli.com,occaecat
sloanhammond@tropoli.com,ad
angelitajordan@tropoli.com,laboris
catalinaschmidt@tropoli.com,consectetur
hendrixblake@tropoli.com,ullamco
jacklynramirez@tropoli.com,Lorem
kathypeterson@tropoli.com,minim
jeanettekent@tropoli.com,minim
buchananmays@tropoli.com,commodo
freemanmiles@tropoli.com,nulla
bettyecohen@tropoli.com,eiusmod
joanngallagher@tropoli.com,ex
sophiakane@tropoli.com,qui
albafranklin@tropoli.com,aute
virginiafloyd@tropoli.com,commodo
wilkinsharmon@tropoli.com,pariatur
chambersrodriquez@tropoli.com,exercitation
dorthykelly@tropoli.com,consectetur
rivaspena@tropoli.com,non
lizziecherry@tropoli.com,occaecat
marcellahowell@tropoli.com,reprehenderit
swansonhayden@tropoli.com,reprehenderit
friedalangley@tropoli.com,aliqua
wilkinsonclarke@tropoli.com,ea
ferrellhewitt@tropoli.com,irure
winifredkoch@tropoli.com,esse
sandovalmaxwell@tropoli.com,id
abigailwebster@tropoli.com,deserunt
lyonspowell@tropoli.com,aliquip
amandahead@tropoli.com,magna
shafferbray@tropoli.com,quis
fryepearson@tropoli.com,mollit
savannahmerritt@tropoli.com,officia
deenaatkins@tropoli.com,aute
changsantiago@tropoli.com,veniam
margueriteboyer@tropoli.com,officia
burnsgaines@tropoli.com,ut
angelaphillips@tropoli.com,ex
rowenaconner@tropoli.com,laborum
biancaduke@tropoli.com,sunt
petersvance@tropoli.com,incididunt
warecalhoun@tropoli.com,sint
berylbuckley@tropoli.com,laborum
wyattpace@tropoli.com,irure
sherihaynes@tropoli.com,pariatur
laurachandler@tropoli.com,cillum
avishatfield@tropoli.com,excepteur
bauerbernard@tropoli.com,reprehenderit
aprilpacheco@tropoli.com,dolor
violaguzman@tropoli.com,laborum
hoppersherman@tropoli.com,excepteur
vilmagood@tropoli.com,eiusmod
mckeegilbert@tropoli.com,exercitation
adrianrivers@tropoli.com,minim
jenkinshouston@tropoli.com,ut
leonmassey@tropoli.com,deserunt
rogershenson@tropoli.com,dolore
conwayturner@tropoli.com,pariatur
weaverharrison@tropoli.com,enim
bertatran@tropoli.com,elit
knowlesgarcia@tropoli.com,dolore
millswillis@tropoli.com,ex
lilliewarren@tropoli.com,velit
sherrypeck@tropoli.com,nulla
donovanhiggins@tropoli.com,amet
randisolomon@tropoli.com,aliquip
susanduran@tropoli.com,ut
sanchezgreer@tropoli.com,nulla
mackcollins@tropoli.com,adipisicing
powellgoodman@tropoli.com,consectetur
weisshorne@tropoli.com,dolor
luellaolson@tropoli.com,ad
cathrynsheppard@tropoli.com,mollit
mcneilmorris@tropoli.com,sint
lorrainefrederick@tropoli.com,duis
marisadunlap@tropoli.com,pariatur
ruthwiggins@tropoli.com,labore
pagebowen@tropoli.com,adipisicing
hopkinscarroll@tropoli.com,velit
tonyaschultz@tropoli.com,incididunt
murphyfrank@tropoli.com,Lorem
queenburnett@tropoli.com,pariatur
carpenterellis@tropoli.com,labore
earleneberger@tropoli.com,veniam
michelewise@tropoli.com,mollit
bowmanwilkerson@tropoli.com,id
desireehines@tropoli.com,elit
reneerasmussen@tropoli.com,consectetur
holttyson@tropoli.com,mollit
taylorstephenson@tropoli.com,consectetur
lindsayharper@tropoli.com,adipisicing
keyleon@tropoli.com,incididunt
randolphhodge@tropoli.com,aliqua
lanemorrow@tropoli.com,dolore
carlsonlynch@tropoli.com,dolore
hattieedwards@tropoli.com,officia
angelbailey@tropoli.com,dolore
samanthaflynn@tropoli.com,consequat
gainesstevenson@tropoli.com,eiusmod
youngdurham@tropoli.com,cillum
vernagay@tropoli.com,quis
amparokinney@tropoli.com,in
liliaduncan@tropoli.com,voluptate
harrisfoster@tropoli.com,cupidatat
birdhale@tropoli.com,est
whitakerwells@tropoli.com,magna
sylvianoble@tropoli.com,do
dominiquepotts@tropoli.com,aliqua
michelleochoa@tropoli.com,in
griffithevans@tropoli.com,culpa
royweaver@tropoli.com,velit
tracijones@tropoli.com,minim
gretchenwilkins@tropoli.com,mollit
bairdbrady@tropoli.com,dolor
beatriceparker@tropoli.com,amet
suttonkennedy@tropoli.com,mollit
parrishhowe@tropoli.com,non
pearsonchurch@tropoli.com,quis
denaoconnor@tropoli.com,occaecat
janniebartlett@tropoli.com,ut
carsonsingleton@tropoli.com,pariatur
pennyreid@tropoli.com,adipisicing
corneliagomez@tropoli.com,voluptate
figueroawilcox@tropoli.com,excepteur
frazierholcomb@tropoli.com,dolore
knapppugh@tropoli.com,amet
robertsmccullough@tropoli.com,quis
rubyboone@tropoli.com,quis
genevievejustice@tropoli.com,consequat
tracywhitney@tropoli.com,consectetur
hillarybryan@tropoli.com,dolore
angeliawoods@tropoli.com,pariatur
howellgilmore@tropoli.com,dolore
marvadiaz@tropoli.com,Lorem
noellecook@tropoli.com,enim
bowenboyd@tropoli.com,eu
tanyamcdowell@tropoli.com,sunt
stantonbarron@tropoli.com,tempor
mcintyrefrench@tropoli.com,non
inezlowe@tropoli.com,anim
alisonpaul@tropoli.com,aliquip
burchpatton@tropoli.com,exercitation
shannondrake@tropoli.com,ullamco
euladecker@tropoli.com,magna
sargentandrews@tropoli.com,duis
leonardrios@tropoli.com,id
barnesodom@tropoli.com,irure
juliettehendrix@tropoli.com,mollit
lucyjohnson@tropoli.com,ex
madelynlove@tropoli.com,ad
fannykramer@tropoli.com,duis
audralester@tropoli.com,eiusmod
janissandoval@tropoli.com,sint
estesmckenzie@tropoli.com,eu
emiliaharding@tropoli.com,deserunt
reynabeck@tropoli.com,in
sueholder@tropoli.com,proident
sweetswanson@tropoli.com,eu
reyesreese@tropoli.com,mollit
terriehardin@tropoli.com,aliqua
kellerguy@tropoli.com,enim
blackcurtis@tropoli.com,officia
melaniehunter@tropoli.com,sunt
diazfitzpatrick@tropoli.com,mollit
jonicarrillo@tropoli.com,nulla
julianalang@tropoli.com,quis
tameracraft@tropoli.com,voluptate
boyddickson@tropoli.com,et
conniebarrett@tropoli.com,eiusmod
fernpuckett@tropoli.com,non
fergusonmedina@tropoli.com,enim
osbornrichard@tropoli.com,culpa
greenhays@tropoli.com,magna
newmanmason@tropoli.com,velit
hooverbaldwin@tropoli.com,cupidatat
downswolf@tropoli.com,excepteur
terrawilliam@tropoli.com,ea
noemirodgers@tropoli.com,incididunt
jacquelinehubbard@tropoli.com,non
odonnellsparks@tropoli.com,enim
roseannhamilton@tropoli.com,do
leahelliott@tropoli.com,ut
mavishull@tropoli.com,est
zamoramcbride@tropoli.com,consequat
hicksgardner@tropoli.com,mollit
brennanwade@tropoli.com,laboris
sheppardconrad@tropoli.com,duis
webbcampbell@tropoli.com,eiusmod
christinatalley@tropoli.com,ad
robertsonlewis@tropoli.com,reprehenderit
heididawson@tropoli.com,sint
bethanybean@tropoli.com,laborum
byersmichael@tropoli.com,exercitation
briggssmith@tropoli.com,proident
porterklein@tropoli.com,aute
melodymarks@tropoli.com,consectetur
lenadyer@tropoli.com,ipsum
raymondhooper@tropoli.com,incididunt
katharinewagner@tropoli.com,dolore
henryglover@tropoli.com,laborum
amberdale@tropoli.com,proident
irenecleveland@tropoli.com,laboris
paulettebrewer@tropoli.com,elit
riversallen@tropoli.com,dolor
madelineslater@tropoli.com,exercitation
brandyclemons@tropoli.com,nulla
gamblejensen@tropoli.com,eu
harmonperez@tropoli.com,nisi
albertmiranda@tropoli.com,Lorem
leannlivingston@tropoli.com,duis
oliveblanchard@tropoli.com,aute
joynorton@tropoli.com,exercitation
dunnvinson@tropoli.com,pariatur
bergclay@tropoli.com,commodo
adelinemckay@tropoli.com,sunt
marquezbishop@tropoli.com,sunt
carlyhess@tropoli.com,aliquip
maryannedorsey@tropoli.com,cupidatat
munozschroeder@tropoli.com,aliqua
staffordpetty@tropoli.com,ea
washingtonclements@tropoli.com,magna
lourdesbates@tropoli.com,veniam
pearlmacdonald@tropoli.com,deserunt
rebekahcompton@tropoli.com,duis
lydiaperkins@tropoli.com,magna
websterleach@tropoli.com,sunt
mariettacantu@tropoli.com,ad
westjuarez@tropoli.com,laboris
neldadaugherty@tropoli.com,dolore
avarocha@tropoli.com,commodo
corrinesalazar@tropoli.com,sint
farmerfarrell@tropoli.com,nisi
lynettewilliamson@tropoli.com,dolore
anniescott@tropoli.com,sit
lavernecoffey@tropoli.com,aute
courtneydixon@tropoli.com,deserunt
albertarowe@tropoli.com,mollit
josefalloyd@tropoli.com,qui
mccraymullins@tropoli.com,velit
nelsonfarmer@tropoli.com,ea
whitneymejia@tropoli.com,tempor
milliemclaughlin@tropoli.com,id
knoxlucas@tropoli.com,laborum
puckettcollier@tropoli.com,elit
valariekirby@tropoli.com,adipisicing
ivyvargas@tropoli.com,qui
jocelynharris@tropoli.com,irure
marianaayala@tropoli.com,est
mullenpoole@tropoli.com,elit
pricechristian@tropoli.com,incididunt
lolastewart@tropoli.com,tempor
elliottsnyder@tropoli.com,sint
kendrahill@tropoli.com,officia
millermay@tropoli.com,enim
torreswelch@tropoli.com,dolore
clarkcox@tropoli.com,aute
janettepotter@tropoli.com,eiusmod
craigferguson@tropoli.com,minim
acostanash@tropoli.com,nulla
krystalpreston@tropoli.com,amet
elisamcconnell@tropoli.com,ea
nicholefry@tropoli.com,labore
marciegentry@tropoli.com,aliqua
karinahogan@tropoli.com,voluptate
matildaherman@tropoli.com,aute
batescarey@tropoli.com,anim
brittchambers@tropoli.com,nisi
melendezheath@tropoli.com,velit
moranblankenship@tropoli.com,ad
guthrieenglish@tropoli.com,do
spencegilliam@tropoli.com,excepteur
lunadaniel@tropoli.com,anim
larapatrick@tropoli.com,id
iladelgado@tropoli.com,consequat
gravesjenkins@tropoli.com,dolor
vickieford@tropoli.com,deserunt
shereealvarez@tropoli.com,sit
lidiabrennan@tropoli.com,pariatur
bridgettfletcher@tropoli.com,nulla
beachcochran@tropoli.com,occaecat
tamidoyle@tropoli.com,ut
hilarybender@tropoli.com,eu
woodsbrock@tropoli.com,magna
brandicameron@tropoli.com,cupidatat
farleybarnett@tropoli.com,laboris
stefaniesuarez@tropoli.com,velit
christifarley@tropoli.com,laborum
atkinstucker@tropoli.com,ipsum
mclaughlingreene@tropoli.com,in
malindamartinez@tropoli.com,pariatur
jaimemayo@tropoli.com,nulla
mccartyduffy@tropoli.com,tempor
maygiles@tropoli.com,ad
fisherobrien@tropoli.com,ipsum
cortezhorton@tropoli.com,elit
dodsonbuckner@tropoli.com,dolore
cherylhart@tropoli.com,officia
drakemoran@tropoli.com,proident
glennamueller@tropoli.com,fugiat
renatorres@tropoli.com,irure
stephensnoel@tropoli.com,consectetur
kirkmccoy@tropoli.com,consequat
gibbspowers@tropoli.com,velit
juliannepennington@tropoli.com,exercitation
hebertbruce@tropoli.com,incididunt
mcintoshmarquez@tropoli.com,laboris
harpersullivan@tropoli.com,do
olliegoff@tropoli.com,id
tamaraaguilar@tropoli.com,cillum
annabellestephens@tropoli.com,velit
estellaspears@tropoli.com,ex
logankline@tropoli.com,esse
mcmillanestes@tropoli.com,nisi
darlafrost@tropoli.com,in
sanfordcarson@tropoli.com,esse
barronstein@tropoli.com,ea
veracrawford@tropoli.com,duis
schwartzvazquez@tropoli.com,sint
pettymccray@tropoli.com,aliquip
diananeal@tropoli.com,mollit
rochellewashington@tropoli.com,proident
haleyfranks@tropoli.com,aliquip
jennagrimes@tropoli.com,aliqua
cunninghampeters@tropoli.com,anim
barnettgates@tropoli.com,consequat
trinatanner@tropoli.com,irure
cherrywatts@tropoli.com,magna
geraldinethornton@tropoli.com,ipsum
danieldennis@tropoli.com,tempor
rowemills@tropoli.com,culpa
deloresterry@tropoli.com,qui
elsievaughan@tropoli.com,incididunt
bessiehouse@tropoli.com,anim
alexissims@tropoli.com,aute
welchmiddleton@tropoli.com,nisi
adriennepittman@tropoli.com,tempor
beasleyshelton@tropoli.com,proident
romerodelacruz@tropoli.com,ullamco
mckenzierhodes@tropoli.com,cupidatat
alliemcclain@tropoli.com,aute
rondagraham@tropoli.com,fugiat
caseycarter@tropoli.com,veniam
hansonsosa@tropoli.com,deserunt
wintersvalenzuela@tropoli.com,sunt
hannahharvey@tropoli.com,cupidatat
alexandriaconway@tropoli.com,excepteur
lottielara@tropoli.com,irure
natalieeaton@tropoli.com,Lorem
ivadonaldson@tropoli.com,occaecat
perkinsbaker@tropoli.com,nostrud
annmariesargent@tropoli.com,non
serenasimmons@tropoli.com,exercitation
eatonwalters@tropoli.com,incididunt
simsbeasley@tropoli.com,consequat
anitaquinn@tropoli.com,nostrud
laceyvincent@tropoli.com,Lorem
ramonamontgomery@tropoli.com,ullamco
colemanmoody@tropoli.com,ullamco
baileyshaw@tropoli.com,magna
shawhenderson@tropoli.com,non
bettiematthews@tropoli.com,Lorem
guzmanblackwell@tropoli.com,tempor
gutierrezvasquez@tropoli.com,ex
bernadinejoyce@tropoli.com,ut
contrerasmccarty@tropoli.com,irure
ellenguerra@tropoli.com,cillum
spencerparrish@tropoli.com,dolore
zimmermanforeman@tropoli.com,pariatur
walterashley@tropoli.com,aute
larabowers@tropoli.com,excepteur
mallorypope@tropoli.com,nostrud
marquitagreen@tropoli.com,amet
langleyfulton@tropoli.com,proident
mcleodmartin@tropoli.com,est
emilyhaley@tropoli.com,nulla
letayoung@tropoli.com,qui
huffcastillo@tropoli.com,eu
louiseburch@tropoli.com,nisi
carolinadavenport@tropoli.com,sint
woodterrell@tropoli.com,eiusmod
hendersonespinoza@tropoli.com,aliquip
britneykim@tropoli.com,reprehenderit
kristinflowers@tropoli.com,qui
rosiejacobs@tropoli.com,elit
taterowland@tropoli.com,non
deborahhaney@tropoli.com,Lorem
grimeshoover@tropoli.com,pariatur
abbottmullen@tropoli.com,ullamco
lilianamaynard@tropoli.com,adipisicing
essiegillespie@tropoli.com,ex
jamimercer@tropoli.com,mollit
vanessapate@tropoli.com,anim
diannagolden@tropoli.com,adipisicing
shaunamcdonald@tropoli.com,cillum
amiebolton@tropoli.com,magna
cassieshaffer@tropoli.com,commodo
carmellapalmer@tropoli.com,pariatur
natashabarry@tropoli.com,labore
crystalcarver@tropoli.com,anim
bernicerojas@tropoli.com,velit
myralarsen@tropoli.com,esse
doragriffin@tropoli.com,laborum
emersonbeard@tropoli.com,culpa
goldenpetersen@tropoli.com,ut
kiddgregory@tropoli.com,consequat
mortonhughes@tropoli.com,ad
tiacarlson@tropoli.com,dolore
kristimitchell@tropoli.com,irure
mendozaporter@tropoli.com,Lorem
crawfordstark@tropoli.com,incididunt
lisamacias@tropoli.com,ipsum
leslieroman@tropoli.com,ut
franklingeorge@tropoli.com,ullamco
caseynixon@tropoli.com,reprehenderit
mabelbradshaw@tropoli.com,eiusmod
rosemariebridges@tropoli.com,cillum
trudybecker@tropoli.com,mollit
maynardcline@tropoli.com,veniam
shortbuchanan@tropoli.com,velit
ochoabutler@tropoli.com,irure
gallowayhudson@tropoli.com,pariatur
piercesimpson@tropoli.com,do
mccallcarpenter@tropoli.com,non
tysonlarson@tropoli.com,ad
ramosgarner@tropoli.com,incididunt
curtiswarner@tropoli.com,do
addiemercado@tropoli.com,occaecat
alicehyde@tropoli.com,ex
phyllisblevins@tropoli.com,occaecat
sandypage@tropoli.com,et
manningharrell@tropoli.com,qui
doyledavis@tropoli.com,eiusmod
pattersonmoss@tropoli.com,cupidatat
jodirobbins@tropoli.com,esse
fostercrane@tropoli.com,irure
stricklandsykes@tropoli.com,esse
carmelawright@tropoli.com,id
mcclurewatkins@tropoli.com,adipisicing
melindaday@tropoli.com,nisi
agnesbarlow@tropoli.com,dolore
consuelofreeman@tropoli.com,eu
burnettdudley@tropoli.com,amet
flossiejoseph@tropoli.com,enim
murielcobb@tropoli.com,ad
humphreyrush@tropoli.com,est
sherrinicholson@tropoli.com,minim
carmenwalls@tropoli.com,laboris
ilenejarvis@tropoli.com,ullamco
mathisjimenez@tropoli.com,tempor
katinajohnston@tropoli.com,culpa
daphneball@tropoli.com,mollit
sabrinathompson@tropoli.com,veniam
fletchercase@tropoli.com,adipisicing
leecasey@tropoli.com,veniam
annettelyons@tropoli.com,sit
lynnlynn@tropoli.com,nostrud
onealromero@tropoli.com,ex
leannehall@tropoli.com,eu
roxiehopper@tropoli.com,magna
lorimcgee@tropoli.com,consectetur
leannamoses@tropoli.com,consectetur
elsakey@tropoli.com,quis
clevelandnieves@tropoli.com,minim
jensenlong@tropoli.com,enim
elviraweeks@tropoli.com,ullamco
gentryfernandez@tropoli.com,veniam
canturyan@tropoli.com,commodo
margaretblackburn@tropoli.com,labore
kelleymcintosh@tropoli.com,dolore
donnasanders@tropoli.com,elit
maricelagallegos@tropoli.com,laborum
toddroy@tropoli.com,enim
roblesconley@tropoli.com,aliquip
bartondavid@tropoli.com,tempor
ethelhebert@tropoli.com,officia
sonjagrant@tropoli.com,culpa
hollywheeler@tropoli.com,nisi
markssoto@tropoli.com,labore
tuckerspencer@tropoli.com,labore
carissawaters@tropoli.com,nisi
francesbriggs@tropoli.com,eu
blackburnrobles@tropoli.com,ex
mcbridenorman@tropoli.com,consequat
navarrocross@tropoli.com,laborum
hillmclean@tropoli.com,Lorem
pattydodson@tropoli.com,voluptate
cotewatson@tropoli.com,consectetur
robinlott@tropoli.com,sint
bridgethopkins@tropoli.com,nulla
phillipsmccormick@tropoli.com,commodo
benjamingarza@tropoli.com,velit
leliasexton@tropoli.com,commodo
joynercotton@tropoli.com,eiusmod
judithsavage@tropoli.com,mollit
starkmeadows@tropoli.com,quis
goodwinsnow@tropoli.com,laborum
leonamckee@tropoli.com,voluptate
daisywilson@tropoli.com,exercitation
gaywhitley@tropoli.com,est
penningtonsalinas@tropoli.com,sint
patricaschneider@tropoli.com,aliqua
liliancote@tropoli.com,pariatur
alishaberg@tropoli.com,id
lewisfaulkner@tropoli.com,qui
newtonmurray@tropoli.com,sint
sweeneypatel@tropoli.com,aliqua
clementsjacobson@tropoli.com,commodo
morinreed@tropoli.com,laborum
sarahunderwood@tropoli.com,voluptate
dianesalas@tropoli.com,ut
davidortega@tropoli.com,et
beverlymann@tropoli.com,reprehenderit
vondamathis@tropoli.com,ut
gildadickerson@tropoli.com,id
headoneil@tropoli.com,ipsum
tabathachase@tropoli.com,fugiat
brooksjennings@tropoli.com,exercitation
oliverbush@tropoli.com,adipisicing
bridgeslawrence@tropoli.com,proident
colliertyler@tropoli.com,in
kaneskinner@tropoli.com,velit
bobbifuentes@tropoli.com,non
wynnluna@tropoli.com,duis
jessiebattle@tropoli.com,irure
rothgill@tropoli.com,nulla
duffypadilla@tropoli.com,eu
mamiemcintyre@tropoli.com,pariatur
mcmahonmanning@tropoli.com,in
lenoramendez@tropoli.com,minim
lesterlee@tropoli.com,proident
alejandralancaster@tropoli.com,ut
tabithalawson@tropoli.com,anim
kaseymiller@tropoli.com,ea
bookerbranch@tropoli.com,sint
margorichardson@tropoli.com,quis
allysonbenson@tropoli.com,laborum
blairpierce@tropoli.com,nulla
alvarezbonner@tropoli.com,fugiat
milesfields@tropoli.com,quis
mindyadkins@tropoli.com,culpa
paulinepatterson@tropoli.com,ex
lakeishaingram@tropoli.com,excepteur
pughsummers@tropoli.com,nostrud
celestekaufman@tropoli.com,esse
galesimon@tropoli.com,est
ramirezgutierrez@tropoli.com,anim
moonmathews@tropoli.com,incididunt
wilkersonfisher@tropoli.com,excepteur
parsonsorr@tropoli.com,dolore
laurelcalderon@tropoli.com,aute
mcculloughcunningham@tropoli.com,voluptate
phelpshutchinson@tropoli.com,sunt
ballmccall@tropoli.com,magna
gilbertmerrill@tropoli.com,labore
juanaschwartz@tropoli.com,nisi
gloriabuck@tropoli.com,sit
boltondaniels@tropoli.com,tempor
barberrivera@tropoli.com,quis
blackwellbeach@tropoli.com,nostrud
solomonburton@tropoli.com,est
jacobsglenn@tropoli.com,ut
houstonwoodard@tropoli.com,anim
veronicapratt@tropoli.com,elit
cookelevy@tropoli.com,minim
fernandezhobbs@tropoli.com,laboris
waltersmelendez@tropoli.com,consectetur
parksforbes@tropoli.com,ut
steelebenjamin@tropoli.com,dolor
jodyballard@tropoli.com,duis
cranehensley@tropoli.com,aliqua
kelseycarr@tropoli.com,dolore
moodydunn@tropoli.com,elit
myrtlerichmond@tropoli.com,commodo
cookrose@tropoli.com,occaecat
lorettaberry@tropoli.com,pariatur
hurstkerr@tropoli.com,laborum
mercerbullock@tropoli.com,culpa
eileenemerson@tropoli.com,sunt
larsenhurst@tropoli.com,ut
rosalynbradley@tropoli.com,ut
mariadavidson@tropoli.com,reprehenderit
terrellmarshall@tropoli.com,labore
stephaniekeith@tropoli.com,adipisicing
martinamcfarland@tropoli.com,amet
wattswoodward@tropoli.com,in
olsonolsen@tropoli.com,veniam
juneknox@tropoli.com,ipsum
holderferrell@tropoli.com,reprehenderit
macdonaldmckinney@tropoli.com,adipisicing
latishamcmahon@tropoli.com,ex
mckaybooker@tropoli.com,ex
marylouray@tropoli.com,ex
everettbond@tropoli.com,quis
ursulawinters@tropoli.com,exercitation
tamekaortiz@tropoli.com,exercitation
janellechavez@tropoli.com,id
suarezhicks@tropoli.com,velit
joycebrooks@tropoli.com,magna
deannamcfadden@tropoli.com,qui
thomasnorris@tropoli.com,mollit
evabaird@tropoli.com,nulla
hamptonburke@tropoli.com,incididunt
klinekidd@tropoli.com,tempor
fowlercraig@tropoli.com,enim
fredagraves@tropoli.com,duis
battleleonard@tropoli.com,enim
kirstennolan@tropoli.com,veniam
lawrenceburris@tropoli.com,quis
kristiebauer@tropoli.com,ex
marlafleming@tropoli.com,enim
skinnerbarnes@tropoli.com,fugiat
trevinohoward@tropoli.com,sit
juarezspence@tropoli.com,qui
maloneallison@tropoli.com,anim
lorainebyers@tropoli.com,do
dellacolon@tropoli.com,ullamco
caitlinsears@tropoli.com,proident
lilacastaneda@tropoli.com,ex
julietbowman@tropoli.com,quis
chanserrano@tropoli.com,do
francineratliff@tropoli.com,Lorem
duncanbanks@tropoli.com,enim
lambertbryant@tropoli.com,in
ebonyperry@tropoli.com,Lorem
pottshoffman@tropoli.com,ea
foremanshepard@tropoli.com,sint
angelinacummings@tropoli.com,voluptate
audreycooke@tropoli.com,ex
richmondmorales@tropoli.com,occaecat
jewellittle@tropoli.com,sint
frederickodonnell@tropoli.com,qui
casandraacosta@tropoli.com,laboris
mcdowellgross@tropoli.com,eiusmod
sotomeyer@tropoli.com,eiusmod
deanvelazquez@tropoli.com,veniam
tiffanyhuffman@tropoli.com,mollit
leolamelton@tropoli.com,nostrud
nonanguyen@tropoli.com,cupidatat
stellavaldez@tropoli.com,proident
lindsaystone@tropoli.com,do
bondstanton@tropoli.com,ea
aurorashields@tropoli.com,dolor
patrickalford@tropoli.com,mollit
rosenelson@tropoli.com,quis
deidrechaney@tropoli.com,proident
mathewswallace@tropoli.com,voluptate
marjorieroberson@tropoli.com,aliquip
allisonholloway@tropoli.com,voluptate
jerrywong@tropoli.com,labore
estellecallahan@tropoli.com,culpa
stacybritt@tropoli.com,reprehenderit
taniaeverett@tropoli.com,pariatur
sheltonmoreno@tropoli.com,exercitation
brianaatkinson@tropoli.com,consectetur
jordanmooney@tropoli.com,commodo
bradshawhuber@tropoli.com,nostrud
shellyzimmerman@tropoli.com,duis
guymontoya@tropoli.com,eu
kirbybrown@tropoli.com,nostrud
clarkesawyer@tropoli.com,est
marilyncombs@tropoli.com,duis
mirandashannon@tropoli.com,magna
elbadillon@tropoli.com,amet
mitziharrington@tropoli.com,commodo
robinsonbird@tropoli.com,in
lindseymyers@tropoli.com,magna
murrayhanson@tropoli.com,ad
aracelihuff@tropoli.com,aliqua
langmorgan@tropoli.com,eu
inesprince@tropoli.com,est
barkerstout@tropoli.com,consequat
robbinsjefferson@tropoli.com,magna
daltonhancock@tropoli.com,ut
dudleycannon@tropoli.com,cillum
kayblair@tropoli.com,eiusmod
karihansen@tropoli.com,irure
orrriggs@tropoli.com,cupidatat
obrienhartman@tropoli.com,consequat
fischerarmstrong@tropoli.com,fugiat
susanataylor@tropoli.com,ut
shannoncopeland@tropoli.com,tempor
chandrasantana@tropoli.com,enim
leroth@tropoli.com,sint
foxmorse@tropoli.com,magna
lawandalowery@tropoli.com,nisi
beckeravery@tropoli.com,consequat
jimmiemcknight@tropoli.com,velit
carriemarsh@tropoli.com,pariatur
lyndaanthony@tropoli.com,ut
scottgonzales@tropoli.com,minim
wittvalencia@tropoli.com,non
petersendean@tropoli.com,eu
sallievillarreal@tropoli.com,ipsum
oneilrutledge@tropoli.com,sint
katherynhickman@tropoli.com,nisi
thelmairwin@tropoli.com,aliquip
teresaglass@tropoli.com,amet
sherriebyrd@tropoli.com,in
barrettclark@tropoli.com,incididunt
ladonnajohns@tropoli.com,deserunt
sosaflores@tropoli.com,deserunt
dorotheabass@tropoli.com,adipisicing
maryellenramos@tropoli.com,aliquip
suzetteramsey@tropoli.com,voluptate
patelhurley@tropoli.com,culpa
yangclayton@tropoli.com,eu
dunlapchan@tropoli.com,labore
maryreilly@tropoli.com,commodo
denisebradford@tropoli.com,sunt
bettemaddox@tropoli.com,laboris
nixonstuart@tropoli.com,nulla
dolliebarber@tropoli.com,qui
browncervantes@tropoli.com,non
jordancash@tropoli.com,nulla
frankschang@tropoli.com,aute
warnerblack@tropoli.com,officia
cynthiacain@tropoli.com,est
reynoldsworkman@tropoli.com,do
talleyfowler@tropoli.com,sit
tashacoleman@tropoli.com,excepteur
hoodholmes@tropoli.com,eu
hahnroberts@tropoli.com,minim
toniaewing@tropoli.com,anim
vasquezstevens@tropoli.com,non
tommiesolis@tropoli.com,aute
fayehampton@tropoli.com,aliqua
ellisalexander@tropoli.com,dolor
ninamorrison@tropoli.com,cupidatat
keithsantos@tropoli.com,fugiat
velmasutton@tropoli.com,consectetur
tonimcleod@tropoli.com,eiusmod
searsosborne@tropoli.com,sunt
lulabennett@tropoli.com,voluptate
jaynesanchez@tropoli.com,minim
snyderkirk@tropoli.com,magna
vargasdejesus@tropoli.com,ut
ruthiegalloway@tropoli.com,ex
rayalston@tropoli.com,fugiat
haleykirkland@tropoli.com,officia
maestrickland@tropoli.com,deserunt
ashleesloan@tropoli.com,incididunt
cantrellanderson@tropoli.com,velit
gillrice@tropoli.com,deserunt
gingergould@tropoli.com,voluptate
jacquelynbell@tropoli.com,laborum
workmansanford@tropoli.com,sint
watsonpitts@tropoli.com,elit
gallagherreyes@tropoli.com,enim
luciledouglas@tropoli.com,ipsum
rhodasilva@tropoli.com,eiusmod
hortonhayes@tropoli.com,reprehenderit
wallerhardy@tropoli.com,laboris
coleknight@tropoli.com,laboris
aidavega@tropoli.com,ea
madeleinerandolph@tropoli.com,dolor
dionnefrazier@tropoli.com,amet
meyerdillard@tropoli.com,incididunt
cherryhodges@tropoli.com,do
pollardsweet@tropoli.com,laborum
altheamadden@tropoli.com,nisi
mcfaddencurry@tropoli.com,consectetur
minervamcneil@tropoli.com,cillum
margretdonovan@tropoli.com,non
hernandezmayer@tropoli.com,nisi
luciariley@tropoli.com,ullamco
lizamonroe@tropoli.com,ut
farrellguthrie@tropoli.com,nostrud
